ID,Local_ID,Language_ID,Parameter_ID,Value,Form,Segments,Comment,Source,Cognacy,Loan
Common_Chinese-33_bamboo-1,,Common_Chinese,33_bamboo,*ciuk⁷,*ciuk⁷,ʈʂ i/j u k ⁷/²²,,Norman2003,,
Beijing-33_bamboo-1,,Beijing,33_bamboo,tʂu²,tʂu²,ʈʂ u ²,,Norman2003,,
Suzhou-33_bamboo-1,,Suzhou,33_bamboo,tsoʔ⁷,tsoʔ⁷,ts o ʔ ⁷/²²,,Norman2003,,
Nanchang-33_bamboo-1,,Nanchang,33_bamboo,tsuk⁷,tsuk⁷,ts u k ⁷/²²,,Norman2003,,
Meixian-33_bamboo-1,,Meixian,33_bamboo,tsuk⁷,tsuk⁷,ts u k ⁷/²²,,Norman2003,,
Guangzhou-33_bamboo-1,,Guangzhou,33_bamboo,tsuk⁷,tsuk⁷,ts u k ⁷/²²,,Norman2003,,
Jiangyong-33_bamboo-1,,Jiangyong,33_bamboo,liou⁷,liou⁷,l i/j ou ⁷/²²,,Norman2003,,
Heping-33_bamboo-1,,Heping,33_bamboo,ty⁷,ty⁷,t y ⁷/²²,,Norman2003,,
Zhenqian-33_bamboo-1,,Zhenqian,33_bamboo,ty³,ty³,t y ³,,Norman2003,,
Jianchuan-33_bamboo-1,,Jianchuan,33_bamboo,kε⁴,kε⁴,k ε ⁴,,Norman2003,,
Jiangshan-33_bamboo-1,,Jiangshan,33_bamboo,taʔ⁷,taʔ⁷,t a ʔ ⁷/²²,,Norman2003,,
Common_Chinese-31_blood-1,,Common_Chinese,31_blood,*hiot⁷,*hiot⁷,h i/j o t ⁷/²²,,Norman2003,,
Beijing-31_blood-1,,Beijing,31_blood,ɕiε³,ɕiε³,ɕ i/j ε ³,,Norman2003,,
Suzhou-31_blood-1,,Suzhou,31_blood,ɕyɤʔ⁷,ɕyɤʔ⁷,ɕ y/ɥ ɤ ʔ ⁷/²²,,Norman2003,,
Nanchang-31_blood-1,,Nanchang,31_blood,ɕyot⁷,ɕyot⁷,ɕ y/ɥ o t ⁷/²²,,Norman2003,,
Meixian-31_blood-1,,Meixian,31_blood,hiat⁷,hiat⁷,h i/j a t ⁷/²²,,Norman2003,,
Guangzhou-31_blood-1,,Guangzhou,31_blood,hyt⁷,hyt⁷,h y t ⁷/²²,,Norman2003,,
Jiangyong-31_blood-1,,Jiangyong,31_blood,ɕy⁷,ɕy⁷,ɕ y ⁷/²²,,Norman2003,,
Heping-31_blood-1,,Heping,31_blood,fæ⁷,fæ⁷,f æ ⁷/²²,,Norman2003,,
Zhenqian-31_blood-1,,Zhenqian,31_blood,huai³,huai³,h u/w ai ³,,Norman2003,,
Jianchuan-31_blood-1,,Jianchuan,31_blood,sua⁵,sua⁵,s u/w a ⁵,,Norman2003,,
Jiangshan-31_blood-1,,Jiangshan,31_blood,xyεʔ⁷,xyεʔ⁷,x y/ɥ ε ʔ ⁷/²²,,Norman2003,,
Common_Chinese-22_broken-1,,Common_Chinese,22_broken,*pho⁵,*pho⁵,pʰ o ⁵,,Norman2003,,
Beijing-22_broken-1,,Beijing,22_broken,pʰuo⁵,pʰuo⁵,pʰ u/w o ⁵,,Norman2003,,
Suzhou-22_broken-1,,Suzhou,22_broken,pʰu⁵,pʰu⁵,pʰ u ⁵,,Norman2003,,
Nanchang-22_broken-1,,Nanchang,22_broken,pʰo⁵,pʰo⁵,pʰ o ⁵,,Norman2003,,
Meixian-22_broken-1,,Meixian,22_broken,pʰo⁵,pʰo⁵,pʰ o ⁵,,Norman2003,,
Guangzhou-22_broken-1,,Guangzhou,22_broken,pʰo⁵,pʰo⁵,pʰ o ⁵,,Norman2003,,
Jiangyong-22_broken-1,,Jiangyong,22_broken,pʰu⁵,pʰu⁵,pʰ u ⁵,,Norman2003,,
Heping-22_broken-1,,Heping,22_broken,pʰai⁵,pʰai⁵,pʰ ai ⁵,,Norman2003,,
Zhenqian-22_broken-1,,Zhenqian,22_broken,pʰua⁵,pʰua⁵,pʰ u/w a ⁵,,Norman2003,,
Jianchuan-22_broken-1,,Jianchuan,22_broken,pʰo³,pʰo³,pʰ o ³,,Norman2003,,
Jiangshan-22_broken-1,,Jiangshan,22_broken,pʰai⁵,pʰai⁵,pʰ ai ⁵,,Norman2003,,
Common_Chinese-3_chicken-1,,Common_Chinese,3_chicken,*kiai¹,*kiai¹,k i/j ai ¹,,Norman2003,,
Beijing-3_chicken-1,,Beijing,3_chicken,tɕi¹,tɕi¹,tɕ i ¹,,Norman2003,,
Suzhou-3_chicken-1,,Suzhou,3_chicken,tɕi¹,tɕi¹,tɕ i ¹,,Norman2003,,
Nanchang-3_chicken-1,,Nanchang,3_chicken,tɕi¹,tɕi¹,tɕ i ¹,,Norman2003,,
Meixian-3_chicken-1,,Meixian,3_chicken,kε¹,kε¹,k ε ¹,,Norman2003,,
Guangzhou-3_chicken-1,,Guangzhou,3_chicken,kɐi¹,kɐi¹,k ɐi ¹,,Norman2003,,
Jiangyong-3_chicken-1,,Jiangyong,3_chicken,tɕi¹,tɕi¹,tɕ i ¹,,Norman2003,,
Heping-3_chicken-1,,Heping,3_chicken,kei¹,kei¹,k ei ¹,,Norman2003,,
Zhenqian-3_chicken-1,,Zhenqian,3_chicken,kai¹,kai¹,k ai ¹,,Norman2003,,
Jianchuan-3_chicken-1,,Jianchuan,3_chicken,ke¹,ke¹,k e ¹,,Norman2003,,
Jiangshan-3_chicken-1,,Jiangshan,3_chicken,iε¹,iε¹,i/j ε ¹,,Norman2003,,
Common_Chinese-7_come-1,,Common_Chinese,7_come,*loi²,*loi²,l oi ²,,Norman2003,,
Beijing-7_come-1,,Beijing,7_come,lai²,lai²,l ai ²,,Norman2003,,
Suzhou-7_come-1,,Suzhou,7_come,le²,le²,l e ²,,Norman2003,,
Nanchang-7_come-1,,Nanchang,7_come,lai²,lai²,l ai ²,,Norman2003,,
Meixian-7_come-1,,Meixian,7_come,loi²,loi²,l oi ²,,Norman2003,,
Guangzhou-7_come-1,,Guangzhou,7_come,lɐi²,lɐi²,l ɐi ²,,Norman2003,,
Jiangyong-7_come-1,,Jiangyong,7_come,lø²,lø²,l ø ²,,Norman2003,,
Heping-7_come-1,,Heping,7_come,li²,li²,l i ²,,Norman2003,,
Zhenqian-7_come-1,,Zhenqian,7_come,lœ²,lœ²,l œ ²,,Norman2003,,
Jianchuan-7_come-1,,Jianchuan,7_come,ɣɯ⁴,ɣɯ⁴,ɣ ɯ ⁴,,Norman2003,,
Jiangshan-7_come-1,,Jiangshan,7_come,li²,li²,l i ²,,Norman2003,,
Common_Chinese-9_cow-1,,Common_Chinese,9_cow,*ŋiou²,*ŋiou²,ŋ i/j ou ²,,Norman2003,,
Beijing-9_cow-1,,Beijing,9_cow,niu²,niu²,n i/j u ²,,Norman2003,,
Suzhou-9_cow-1,,Suzhou,9_cow,nʏ²,nʏ²,n ʏ ²,,Norman2003,,
Nanchang-9_cow-1,,Nanchang,9_cow,niu ²,niu ²,n i/j u + ²,,Norman2003,,
Meixian-9_cow-1,,Meixian,9_cow,niu²,niu²,n i/j u ²,,Norman2003,,
Guangzhou-9_cow-1,,Guangzhou,9_cow,ŋɐu²,ŋɐu²,ŋ ɐu ²,,Norman2003,,
Jiangyong-9_cow-1,,Jiangyong,9_cow,ŋou²,ŋou²,ŋ ou ²,,Norman2003,,
Heping-9_cow-1,,Heping,9_cow,ny²,ny²,n y ²,,Norman2003,,
Zhenqian-9_cow-1,,Zhenqian,9_cow,niu²,niu²,n i/j u ²,,Norman2003,,
Jianchuan-9_cow-1,,Jianchuan,9_cow,ŋɯ⁸,ŋɯ⁸,ŋ ɯ ⁸/³³,,Norman2003,,
Jiangshan-9_cow-1,,Jiangshan,9_cow,ŋɯə²,ŋɯə²,ŋ ɯə ²,,Norman2003,,
Common_Chinese-5_deep-1,,Common_Chinese,5_deep,*shim¹,*shim¹,ʂ i m ¹,,Norman2003,,
Beijing-5_deep-1,,Beijing,5_deep,ʂən¹,ʂən¹,ʂ ə n ¹,,Norman2003,,
Suzhou-5_deep-1,,Suzhou,5_deep,sən¹,sən¹,s ə n ¹,,Norman2003,,
Nanchang-5_deep-1,,Nanchang,5_deep,sən¹,sən¹,s ə n ¹,,Norman2003,,
Meixian-5_deep-1,,Meixian,5_deep,tsʰəm¹,tsʰəm¹,tsʰ ə m ¹,,Norman2003,,
Guangzhou-5_deep-1,,Guangzhou,5_deep,sɐm¹,sɐm¹,s ɐ m ¹,,Norman2003,,
Jiangyong-5_deep-1,,Jiangyong,5_deep,ie¹,ie¹,i/j e ¹,,Norman2003,,
Heping-5_deep-1,,Heping,5_deep,tɕʰim¹,tɕʰim¹,tɕʰ i m ¹,,Norman2003,,
Zhenqian-5_deep-1,,Zhenqian,5_deep,tsʰeŋ¹,tsʰeŋ¹,tsʰ e ŋ ¹,,Norman2003,,
Jianchuan-5_deep-1,,Jianchuan,5_deep,sɛ̃¹,sɛ̃¹,s ɛ̃ ¹,,Norman2003,,
Jiangshan-5_deep-1,,Jiangshan,5_deep,tsʰøn¹,tsʰøn¹,tsʰ ø n ¹,,Norman2003,,
Common_Chinese-14_early-1,,Common_Chinese,14_early,*tsou³,*tsou³,ts ou ³,,Norman2003,,
Beijing-14_early-1,,Beijing,14_early,tsau³,tsau³,ts au ³,,Norman2003,,
Suzhou-14_early-1,,Suzhou,14_early,tsæ³,tsæ³,ts æ ³,,Norman2003,,
Nanchang-14_early-1,,Nanchang,14_early,tsau³,tsau³,ts au ³,,Norman2003,,
Meixian-14_early-1,,Meixian,14_early,tsau³,tsau³,ts au ³,,Norman2003,,
Guangzhou-14_early-1,,Guangzhou,14_early,tsou³,tsou³,ts ou ³,,Norman2003,,
Jiangyong-14_early-1,,Jiangyong,14_early,tsau³,tsau³,ts au ³,,Norman2003,,
Heping-14_early-1,,Heping,14_early,tʰoʔ⁴,tʰoʔ⁴,tʰ o ʔ ⁴,,Norman2003,,
Zhenqian-14_early-1,,Zhenqian,14_early,tso³,tso³,ts o ³,,Norman2003,,
Jianchuan-14_early-1,,Jianchuan,14_early,tsu¹,tsu¹,ts u ¹,,Norman2003,,
Jiangshan-14_early-1,,Jiangshan,14_early,tsiau³,tsiau³,ts i/j au ³,,Norman2003,,
Common_Chinese-12_fire-1,,Common_Chinese,12_fire,*huo³,*huo³,h u/w o ³,,Norman2003,,
Beijing-12_fire-1,,Beijing,12_fire,xuo³,xuo³,x u/w o ³,,Norman2003,,
Suzhou-12_fire-1,,Suzhou,12_fire,həu³,həu³,h əu ³,,Norman2003,,
Nanchang-12_fire-1,,Nanchang,12_fire,fo³,fo³,f o ³,,Norman2003,,
Meixian-12_fire-1,,Meixian,12_fire,fo³,fo³,f o ³,,Norman2003,,
Guangzhou-12_fire-1,,Guangzhou,12_fire,fo³,fo³,f o ³,,Norman2003,,
Jiangyong-12_fire-1,,Jiangyong,12_fire,fu³,fu³,f u ³,,Norman2003,,
Heping-12_fire-1,,Heping,12_fire,kʰuei³,kʰuei³,kʰ u/w ei ³,,Norman2003,,
Zhenqian-12_fire-1,,Zhenqian,12_fire,hue³,hue³,h u/w e ³,,Norman2003,,
Jianchuan-12_fire-1,,Jianchuan,12_fire,xui¹,xui¹,x u/w i ¹,,Norman2003,,
Jiangshan-12_fire-1,,Jiangshan,12_fire,xuei³,xuei³,x u/w ei ³,,Norman2003,,
Common_Chinese-8_flow-1,,Common_Chinese,8_flow,*liou²,*liou²,l i/j ou ²,,Norman2003,,
Beijing-8_flow-1,,Beijing,8_flow,liu²,liu²,l i/j u ²,,Norman2003,,
Suzhou-8_flow-1,,Suzhou,8_flow,lʏ²,lʏ²,l ʏ ²,,Norman2003,,
Nanchang-8_flow-1,,Nanchang,8_flow,liu²,liu²,l i/j u ²,,Norman2003,,
Meixian-8_flow-1,,Meixian,8_flow,liu²,liu²,l i/j u ²,,Norman2003,,
Guangzhou-8_flow-1,,Guangzhou,8_flow,lɐu²,lɐu²,l ɐu ²,,Norman2003,,
Jiangyong-8_flow-1,,Jiangyong,8_flow,liou²,liou²,l i/j ou ²,,Norman2003,,
Heping-8_flow-1,,Heping,8_flow,liu²,liu²,l i/j u ²,,Norman2003,,
Zhenqian-8_flow-1,,Zhenqian,8_flow,lo²,lo²,l o ²,,Norman2003,,
Jianchuan-8_flow-1,,Jianchuan,8_flow,kɯ⁸,kɯ⁸,k ɯ ⁸/³³,,Norman2003,,
Jiangshan-8_flow-1,,Jiangshan,8_flow,lu²,lu²,l u ²,,Norman2003,,
Common_Chinese-23_four-1,,Common_Chinese,23_four,*si⁵,*si⁵,s i ⁵,,Norman2003,,
Beijing-23_four-1,,Beijing,23_four,sɿ⁵,sɿ⁵,s ɿ ⁵,,Norman2003,,
Suzhou-23_four-1,,Suzhou,23_four,sɿ⁵,sɿ⁵,s ɿ ⁵,,Norman2003,,
Nanchang-23_four-1,,Nanchang,23_four,sɿ⁵,sɿ⁵,s ɿ ⁵,,Norman2003,,
Meixian-23_four-1,,Meixian,23_four,si⁵,si⁵,s i ⁵,,Norman2003,,
Guangzhou-23_four-1,,Guangzhou,23_four,sei⁵,sei⁵,s ei ⁵,,Norman2003,,
Jiangyong-23_four-1,,Jiangyong,23_four,sa⁵,sa⁵,s a ⁵,,Norman2003,,
Heping-23_four-1,,Heping,23_four,si⁵,si⁵,s i ⁵,,Norman2003,,
Zhenqian-23_four-1,,Zhenqian,23_four,si⁵,si⁵,s i ⁵,,Norman2003,,
Jianchuan-23_four-1,,Jianchuan,23_four,ɕi⁵,ɕi⁵,ɕ i ⁵,,Norman2003,,
Jiangshan-23_four-1,,Jiangshan,23_four,si⁵,si⁵,s i ⁵,,Norman2003,,
Common_Chinese-21_go-1,,Common_Chinese,21_go,*khie⁵,*khie⁵,kʰ i/j e ⁵,,Norman2003,,
Beijing-21_go-1,,Beijing,21_go,tɕʰy⁵,tɕʰy⁵,tɕʰ y ⁵,,Norman2003,,
Suzhou-21_go-1,,Suzhou,21_go,tɕʰi⁵,tɕʰi⁵,tɕʰ i ⁵,,Norman2003,,
Nanchang-21_go-1,,Nanchang,21_go,tɕʰiε⁵,tɕʰiε⁵,tɕʰ i/j ε ⁵,,Norman2003,,
Meixian-21_go-1,,Meixian,21_go,hi⁵,hi⁵,h i ⁵,,Norman2003,,
Guangzhou-21_go-1,,Guangzhou,21_go,hœy⁵,hœy⁵,h œy ⁵,,Norman2003,,
Jiangyong-21_go-1,,Jiangyong,21_go,hu⁵,hu⁵,h u ⁵,,Norman2003,,
Heping-21_go-1,,Heping,21_go,kʰo⁵,kʰo⁵,kʰ o ⁵,,Norman2003,,
Zhenqian-21_go-1,,Zhenqian,21_go,kʰo⁵,kʰo⁵,kʰ o ⁵,,Norman2003,,
Jianchuan-21_go-1,,Jianchuan,21_go,ŋε⁸,ŋε⁸,ŋ ε ⁸/³³,,Norman2003,,
Jiangshan-21_go-1,,Jiangshan,21_go,kʰɯə⁵,kʰɯə⁵,kʰ ɯə ⁵,,Norman2003,,
Common_Chinese-17_godown-1,,Common_Chinese,17_godown,*hha⁴,*hha⁴,ɦ a ⁴,,Norman2003,,
Beijing-17_godown-1,,Beijing,17_godown,ɕia⁴,ɕia⁴,ɕ i/j a ⁴,,Norman2003,,
Suzhou-17_godown-1,,Suzhou,17_godown,ɦo⁶,ɦo⁶,ɦ o ⁶/¹¹,,Norman2003,,
Nanchang-17_godown-1,,Nanchang,17_godown,ha⁶,ha⁶,h a ⁶/¹¹,,Norman2003,,
Meixian-17_godown-1,,Meixian,17_godown,ha¹,ha¹,h a ¹,,Norman2003,,
Guangzhou-17_godown-1,,Guangzhou,17_godown,ha⁴,ha⁴,h a ⁴,,Norman2003,,
Jiangyong-17_godown-1,,Jiangyong,17_godown,fɯə⁴,fɯə⁴,f ɯə ⁴,,Norman2003,,
Heping-17_godown-1,,Heping,17_godown,haʔ⁴,haʔ⁴,h a ʔ ⁴,,Norman2003,,
Zhenqian-17_godown-1,,Zhenqian,17_godown,ha⁵,ha⁵,h a ⁵,,Norman2003,,
Jianchuan-17_godown-1,,Jianchuan,17_godown,tʰɯ²,tʰɯ²,tʰ ɯ ²,,Norman2003,,
Jiangshan-17_godown-1,,Jiangshan,17_godown,ɔ⁴,ɔ⁴,ɔ ⁴,,Norman2003,,
Common_Chinese-34_goout-1,,Common_Chinese,34_goout,*chiut⁷,*chiut⁷,ʈʂʰ i/j u t ⁷/²²,,Norman2003,,
Beijing-34_goout-1,,Beijing,34_goout,tʂʰu¹,tʂʰu¹,ʈʂʰ u ¹,,Norman2003,,
Suzhou-34_goout-1,,Suzhou,34_goout,tsʰɤʔ⁷,tsʰɤʔ⁷,tsʰ ɤ ʔ ⁷/²²,,Norman2003,,
Nanchang-34_goout-1,,Nanchang,34_goout,tsʰət⁷,tsʰət⁷,tsʰ ə t ⁷/²²,,Norman2003,,
Meixian-34_goout-1,,Meixian,34_goout,tsʰut⁷,tsʰut⁷,tsʰ u t ⁷/²²,,Norman2003,,
Guangzhou-34_goout-1,,Guangzhou,34_goout,tsʰɔt⁷,tsʰɔt⁷,tsʰ ɔ t ⁷/²²,,Norman2003,,
Jiangyong-34_goout-1,,Jiangyong,34_goout,ɕya⁷,ɕya⁷,ɕ y/ɥ a ⁷/²²,,Norman2003,,
Heping-34_goout-1,,Heping,34_goout,tsʰui⁷,tsʰui⁷,tsʰ u/w i ⁷/²²,,Norman2003,,
Zhenqian-34_goout-1,,Zhenqian,34_goout,tsʰue³,tsʰue³,tsʰ u/w e ³,,Norman2003,,
Jianchuan-34_goout-1,,Jianchuan,34_goout,tɕʰi⁴,tɕʰi⁴,tɕʰ i ⁴,,Norman2003,,
Jiangshan-34_goout-1,,Jiangshan,34_goout,tɕʰyεʔ⁷,tɕʰyεʔ⁷,tɕʰ y/ɥ ε ʔ ⁷/²²,,Norman2003,,
Common_Chinese-27_graph-1,,Common_Chinese,27_graph,*dzi⁶,*dzi⁶,d z i ⁶/¹¹,,Norman2003,,
Beijing-27_graph-1,,Beijing,27_graph,tsɿ⁵,tsɿ⁵,ts ɿ ⁵,,Norman2003,,
Suzhou-27_graph-1,,Suzhou,27_graph,zɿ⁵,zɿ⁵,z ɿ ⁵,,Norman2003,,
Nanchang-27_graph-1,,Nanchang,27_graph,tsʰɿ⁶,tsʰɿ⁶,tsʰ ɿ ⁶/¹¹,,Norman2003,,
Meixian-27_graph-1,,Meixian,27_graph,sɿ⁵,sɿ⁵,s ɿ ⁵,,Norman2003,,
Guangzhou-27_graph-1,,Guangzhou,27_graph,tsi⁶,tsi⁶,ts i ⁶/¹¹,,Norman2003,,
Jiangyong-27_graph-1,,Jiangyong,27_graph,tsɯə ⁶,tsɯə ⁶,ts ɯə + ⁶/¹¹,,Norman2003,,
Heping-27_graph-1,,Heping,27_graph,tʰe⁶,tʰe⁶,tʰ e ⁶/¹¹,,Norman2003,,
Zhenqian-27_graph-1,,Zhenqian,27_graph,tsi⁹,tsi⁹,ts i ⁹/⁴⁴,,Norman2003,,
Jianchuan-27_graph-1,,Jianchuan,27_graph,tsɯ³,tsɯ³,ts ɯ ³,,Norman2003,,
Jiangshan-27_graph-1,,Jiangshan,27_graph,dzɯə⁶,dzɯə⁶,d z ɯə ⁶/¹¹,,Norman2003,,
Common_Chinese-24_half-1,,Common_Chinese,24_half,*pon⁵,*pon⁵,p o n ⁵,,Norman2003,,
Beijing-24_half-1,,Beijing,24_half,pan⁵,pan⁵,p a n ⁵,,Norman2003,,
Suzhou-24_half-1,,Suzhou,24_half,pø⁵,pø⁵,p ø ⁵,,Norman2003,,
Nanchang-24_half-1,,Nanchang,24_half,pon⁵,pon⁵,p o n ⁵,,Norman2003,,
Meixian-24_half-1,,Meixian,24_half,pan⁴,pan⁴,p a n ⁴,,Norman2003,,
Guangzhou-24_half-1,,Guangzhou,24_half,pun⁵,pun⁵,p u n ⁵,,Norman2003,,
Jiangyong-24_half-1,,Jiangyong,24_half,paŋ⁵,paŋ⁵,p a ŋ ⁵,,Norman2003,,
Heping-24_half-1,,Heping,24_half,pon⁵,pon⁵,p o n ⁵,,Norman2003,,
Zhenqian-24_half-1,,Zhenqian,24_half,puaiŋ⁵,puaiŋ⁵,p u/w ai ŋ ⁵,,Norman2003,,
Jianchuan-24_half-1,,Jianchuan,24_half,po⁸,po⁸,p o ⁸/³³,,Norman2003,,
Jiangshan-24_half-1,,Jiangshan,24_half,piεn⁵,piεn⁵,p i/j ε n ⁵,,Norman2003,,
Common_Chinese-13_hand-1,,Common_Chinese,13_hand,*shiou³,*shiou³,ʂ i/j ou ³,,Norman2003,,
Beijing-13_hand-1,,Beijing,13_hand,ʂou³,ʂou³,ʂ ou ³,,Norman2003,,
Suzhou-13_hand-1,,Suzhou,13_hand,sʏ³,sʏ³,s ʏ ³,,Norman2003,,
Nanchang-13_hand-1,,Nanchang,13_hand,səu³,səu³,s əu ³,,Norman2003,,
Meixian-13_hand-1,,Meixian,13_hand,su³,su³,s u ³,,Norman2003,,
Guangzhou-13_hand-1,,Guangzhou,13_hand,sɐu³,sɐu³,s ɐu ³,,Norman2003,,
Jiangyong-13_hand-1,,Jiangyong,13_hand,ɕiou³,ɕiou³,ɕ i/j ou ³,,Norman2003,,
Heping-13_hand-1,,Heping,13_hand,iɕu³,iɕu³,i ɕ u ³,,Norman2003,,
Zhenqian-13_hand-1,,Zhenqian,13_hand,siu³,siu³,s i/j u ³,,Norman2003,,
Jianchuan-13_hand-1,,Jianchuan,13_hand,sɯ¹,sɯ¹,s ɯ ¹,,Norman2003,,
Jiangshan-13_hand-1,,Jiangshan,13_hand,tɕʰye³,tɕʰye³,tɕʰ y/ɥ e ³,,Norman2003,,
Common_Chinese-18_heavy-1,,Common_Chinese,18_heavy,*jiuŋ⁴,*jiuŋ⁴,j u ŋ ⁴,,Norman2003,,
Beijing-18_heavy-1,,Beijing,18_heavy,tʂuŋ³,tʂuŋ³,ʈʂ u ŋ ³,,Norman2003,,
Suzhou-18_heavy-1,,Suzhou,18_heavy,zoŋ⁶,zoŋ⁶,z o ŋ ⁶/¹¹,,Norman2003,,
Nanchang-18_heavy-1,,Nanchang,18_heavy,tsʰuŋ⁶,tsʰuŋ⁶,tsʰ u ŋ ⁶/¹¹,,Norman2003,,
Meixian-18_heavy-1,,Meixian,18_heavy,tsʰuŋ¹,tsʰuŋ¹,tsʰ u ŋ ¹,,Norman2003,,
Guangzhou-18_heavy-1,,Guangzhou,18_heavy,tsʰuŋ⁴,tsʰuŋ⁴,tsʰ u ŋ ⁴,,Norman2003,,
Jiangyong-18_heavy-1,,Jiangyong,18_heavy,tɕiaŋ⁴,tɕiaŋ⁴,tɕ i/j a ŋ ⁴,,Norman2003,,
Heping-18_heavy-1,,Heping,18_heavy,hn̍ʔ⁴,hn̍ʔ⁴,h n̩ ʔ ⁴,,Norman2003,,
Zhenqian-18_heavy-1,,Zhenqian,18_heavy,toŋ⁶,toŋ⁶,t o ŋ ⁶/¹¹,,Norman2003,,
Jianchuan-18_heavy-1,,Jianchuan,18_heavy,tsṽ¹,tsṽ¹,ts ṽ̩ ¹,,Norman2003,,
Jiangshan-18_heavy-1,,Jiangshan,18_heavy,dʑiuŋ⁴,dʑiuŋ⁴,dʑ i/j u ŋ ⁴,,Norman2003,,
Common_Chinese-25_laugh-1,,Common_Chinese,25_laugh,*siau⁸,*siau⁸,s i/j au ⁸/³³,,Norman2003,,
Beijing-25_laugh-1,,Beijing,25_laugh,ɕiau⁵,ɕiau⁵,ɕ i/j au ⁵,,Norman2003,,
Suzhou-25_laugh-1,,Suzhou,25_laugh,siæ⁵,siæ⁵,s i/j æ ⁵,,Norman2003,,
Nanchang-25_laugh-1,,Nanchang,25_laugh,ɕiεu⁵,ɕiεu⁵,ɕ i/j εu ⁵,,Norman2003,,
Meixian-25_laugh-1,,Meixian,25_laugh,siau⁵,siau⁵,s i/j au ⁵,,Norman2003,,
Guangzhou-25_laugh-1,,Guangzhou,25_laugh,siu⁵,siu⁵,s i/j u ⁵,,Norman2003,,
Jiangyong-25_laugh-1,,Jiangyong,25_laugh,siu⁵,siu⁵,s i/j u ⁵,,Norman2003,,
Heping-25_laugh-1,,Heping,25_laugh,sieu⁵,sieu⁵,s i/j eu ⁵,,Norman2003,,
Zhenqian-25_laugh-1,,Zhenqian,25_laugh,sio⁵,sio⁵,s i/j o ⁵,,Norman2003,,
Jianchuan-25_laugh-1,,Jianchuan,25_laugh,so³,so³,s o ³,,Norman2003,,
Jiangshan-25_laugh-1,,Jiangshan,25_laugh,tɕʰiau⁵,tɕʰiau⁵,tɕʰ i/j au ⁵,,Norman2003,,
Common_Chinese-4_liver-1,,Common_Chinese,4_liver,*kon¹,*kon¹,k o n ¹,,Norman2003,,
Beijing-4_liver-1,,Beijing,4_liver,kan¹,kan¹,k a n ¹,,Norman2003,,
Suzhou-4_liver-1,,Suzhou,4_liver,kø̃¹,kø̃¹,k ø̃ ¹,,Norman2003,,
Nanchang-4_liver-1,,Nanchang,4_liver,kon¹,kon¹,k o n ¹,,Norman2003,,
Meixian-4_liver-1,,Meixian,4_liver,kon¹,kon¹,k o n ¹,,Norman2003,,
Guangzhou-4_liver-1,,Guangzhou,4_liver,kon¹,kon¹,k o n ¹,,Norman2003,,
Jiangyong-4_liver-1,,Jiangyong,4_liver,kaŋ¹,kaŋ¹,k a ŋ ¹,,Norman2003,,
Heping-4_liver-1,,Heping,4_liver,hon¹,hon¹,h o n ¹,,Norman2003,,
Zhenqian-4_liver-1,,Zhenqian,4_liver,huaiŋ¹,huaiŋ¹,h u/w ai ŋ ¹,,Norman2003,,
Jianchuan-4_liver-1,,Jianchuan,4_liver,kã²,kã²,k ã ²,,Norman2003,,
Jiangshan-4_liver-1,,Jiangshan,4_liver,kɔŋ¹,kɔŋ¹,k ɔ ŋ ¹,,Norman2003,,
Common_Chinese-10_long-1,,Common_Chinese,10_long,*jioŋ²,*jioŋ²,j o ŋ ²,,Norman2003,,
Beijing-10_long-1,,Beijing,10_long,tʂʰaŋ²,tʂʰaŋ²,ʈʂʰ a ŋ ²,,Norman2003,,
Suzhou-10_long-1,,Suzhou,10_long,zaŋ²,zaŋ²,z a ŋ ²,,Norman2003,,
Nanchang-10_long-1,,Nanchang,10_long,tsʰoŋ²,tsʰoŋ²,tsʰ o ŋ ²,,Norman2003,,
Meixian-10_long-1,,Meixian,10_long,tsʰoŋ²,tsʰoŋ²,tsʰ o ŋ ²,,Norman2003,,
Guangzhou-10_long-1,,Guangzhou,10_long,tsʰœŋ²,tsʰœŋ²,tsʰ œ ŋ ²,,Norman2003,,
Jiangyong-10_long-1,,Jiangyong,10_long,tɕiaŋ²,tɕiaŋ²,tɕ i/j a ŋ ²,,Norman2003,,
Heping-10_long-1,,Heping,10_long,hoŋ²,hoŋ²,h o ŋ ²,,Norman2003,,
Zhenqian-10_long-1,,Zhenqian,10_long,tauŋ⁹,tauŋ⁹,t au ŋ ⁹/⁴⁴,,Norman2003,,
Jianchuan-10_long-1,,Jianchuan,10_long,tsõ⁸,tsõ⁸,ts õ ⁸/³³,,Norman2003,,
Jiangshan-10_long-1,,Jiangshan,10_long,tʰœ̃²,tʰœ̃²,tʰ œ̃ ²,,Norman2003,,
Common_Chinese-40_mat-1,,Common_Chinese,40_mat,*ziak⁸,*ziak⁸,z i/j a k ⁸/³³,,Norman2003,,
Beijing-40_mat-1,,Beijing,40_mat,ɕi²,ɕi²,ɕ i ²,,Norman2003,,
Suzhou-40_mat-1,,Suzhou,40_mat,ziɪʔ⁸,ziɪʔ⁸,z iɪ ʔ ⁸/³³,,Norman2003,,
Nanchang-40_mat-1,,Nanchang,40_mat,tɕʰiak⁸,tɕʰiak⁸,tɕʰ i/j a k ⁸/³³,,Norman2003,,
Meixian-40_mat-1,,Meixian,40_mat,sit⁸,sit⁸,s i t ⁸/³³,,Norman2003,,
Guangzhou-40_mat-1,,Guangzhou,40_mat,tsεk⁸,tsεk⁸,ts ε k ⁸/³³,,Norman2003,,
Jiangyong-40_mat-1,,Jiangyong,40_mat,tsie⁶,tsie⁶,ts i/j e ⁶/¹¹,,Norman2003,,
Heping-40_mat-1,,Heping,40_mat,tʰiaʔ⁴,tʰiaʔ⁴,tʰ i/j a ʔ ⁴,,Norman2003,,
Zhenqian-40_mat-1,,Zhenqian,40_mat,sio⁶,sio⁶,s i/j o ⁶/¹¹,,Norman2003,,
Jianchuan-40_mat-1,,Jianchuan,40_mat,pʰu³,pʰu³,pʰ u ³,,Norman2003,,
Jiangshan-40_mat-1,,Jiangshan,40_mat,siεʔ⁸,siεʔ⁸,s i/j ε ʔ ⁸/³³,,Norman2003,,
Common_Chinese-36_month-1,,Common_Chinese,36_month,*ŋiot⁸,*ŋiot⁸,ŋ i/j o t ⁸/³³,,Norman2003,,
Beijing-36_month-1,,Beijing,36_month,yε⁵,yε⁵,y/ɥ ε ⁵,,Norman2003,,
Suzhou-36_month-1,,Suzhou,36_month,ŋɤʔ⁸,ŋɤʔ⁸,ŋ ɤ ʔ ⁸/³³,,Norman2003,,
Nanchang-36_month-1,,Nanchang,36_month,ɲyot⁸,ɲyot⁸,ɲ y/ɥ o t ⁸/³³,,Norman2003,,
Meixian-36_month-1,,Meixian,36_month,ɲyat⁸,ɲyat⁸,ɲ y/ɥ a t ⁸/³³,,Norman2003,,
Guangzhou-36_month-1,,Guangzhou,36_month,jyt⁸,jyt⁸,j y t ⁸/³³,,Norman2003,,
Jiangyong-36_month-1,,Jiangyong,36_month,ɲy⁶,ɲy⁶,ɲ y ⁶/¹¹,,Norman2003,,
Heping-36_month-1,,Heping,36_month,væʔ⁴,væʔ⁴,v æ ʔ ⁴,,Norman2003,,
Zhenqian-36_month-1,,Zhenqian,36_month,ŋye⁵,ŋye⁵,ŋ y/ɥ e ⁵,,Norman2003,,
Jianchuan-36_month-1,,Jianchuan,36_month,ŋua⁵,ŋua⁵,ŋ u/w a ⁵,,Norman2003,,
Jiangshan-36_month-1,,Jiangshan,36_month,ŋuoʔ⁸,ŋuoʔ⁸,ŋ u/w o ʔ ⁸/³³,,Norman2003,,
Common_Chinese-35_nail-1,,Common_Chinese,35_nail,*kap⁷,*kap⁷,k a p ⁷/²²,,Norman2003,,
Beijing-35_nail-1,,Beijing,35_nail,tɕia³,tɕia³,tɕ i/j a ³,,Norman2003,,
Suzhou-35_nail-1,,Suzhou,35_nail,kaʔ⁷,kaʔ⁷,k a ʔ ⁷/²²,,Norman2003,,
Nanchang-35_nail-1,,Nanchang,35_nail,kat⁷,kat⁷,k a t ⁷/²²,,Norman2003,,
Meixian-35_nail-1,,Meixian,35_nail,kap⁷,kap⁷,k a p ⁷/²²,,Norman2003,,
Guangzhou-35_nail-1,,Guangzhou,35_nail,kap⁷,kap⁷,k a p ⁷/²²,,Norman2003,,
Jiangyong-35_nail-1,,Jiangyong,35_nail,kuə⁷,kuə⁷,k u/w ə ⁷/²²,,Norman2003,,
Heping-35_nail-1,,Heping,35_nail,kam⁷,kam⁷,k a m ⁷/²²,,Norman2003,,
Zhenqian-35_nail-1,,Zhenqian,35_nail,ka³,ka³,k a ³,,Norman2003,,
Jianchuan-35_nail-1,,Jianchuan,35_nail,kε⁴,kε⁴,k ε ⁴,,Norman2003,,
Jiangshan-35_nail-1,,Jiangshan,35_nail,kaʔ⁷,kaʔ⁷,k a ʔ ⁷/²²,,Norman2003,,
Common_Chinese-20_near-1,,Common_Chinese,20_near,*gin⁴,*gin⁴,g i n ⁴,,Norman2003,,
Beijing-20_near-1,,Beijing,20_near,tɕin⁵,tɕin⁵,tɕ i n ⁵,,Norman2003,,
Suzhou-20_near-1,,Suzhou,20_near,dʑin⁶,dʑin⁶,dʑ i n ⁶/¹¹,,Norman2003,,
Nanchang-20_near-1,,Nanchang,20_near,tɕʰin⁶,tɕʰin⁶,tɕʰ i n ⁶/¹¹,,Norman2003,,
Meixian-20_near-1,,Meixian,20_near,kʰiun¹,kʰiun¹,kʰ i/j u n ¹,,Norman2003,,
Guangzhou-20_near-1,,Guangzhou,20_near,kʰɐn⁴,kʰɐn⁴,kʰ ɐ n ⁴,,Norman2003,,
Jiangyong-20_near-1,,Jiangyong,20_near,tɕie⁴,tɕie⁴,tɕ i/j e ⁴,,Norman2003,,
Heping-20_near-1,,Heping,20_near,kʰuanʔ⁴,kʰuanʔ⁴,kʰ u/w a n ʔ ⁴,,Norman2003,,
Zhenqian-20_near-1,,Zhenqian,20_near,kyeŋ⁵,kyeŋ⁵,k y/ɥ e ŋ ⁵,,Norman2003,,
Jianchuan-20_near-1,,Jianchuan,20_near,tɕĩ¹,tɕĩ¹,tɕ ĩ ¹,,Norman2003,,
Jiangshan-20_near-1,,Jiangshan,20_near,gœ̃⁴,gœ̃⁴,g œ̃ ⁴,,Norman2003,,
Common_Chinese-28_old-1,,Common_Chinese,28_old,*giou⁶,*giou⁶,g i/j ou ⁶/¹¹,,Norman2003,,
Beijing-28_old-1,,Beijing,28_old,tɕiu⁵,tɕiu⁵,tɕ i/j u ⁵,,Norman2003,,
Suzhou-28_old-1,,Suzhou,28_old,dʑiʏ⁶,dʑiʏ⁶,dʑ i/j ʏ ⁶/¹¹,,Norman2003,,
Nanchang-28_old-1,,Nanchang,28_old,tɕʰiu⁶,tɕʰiu⁶,tɕʰ i/j u ⁶/¹¹,,Norman2003,,
Meixian-28_old-1,,Meixian,28_old,kʰiu⁵,kʰiu⁵,kʰ i/j u ⁵,,Norman2003,,
Guangzhou-28_old-1,,Guangzhou,28_old,kɐu⁶,kɐu⁶,k ɐu ⁶/¹¹,,Norman2003,,
Jiangyong-28_old-1,,Jiangyong,28_old,tɕiou⁶,tɕiou⁶,tɕ i/j ou ⁶/¹¹,,Norman2003,,
Heping-28_old-1,,Heping,28_old,kʰy⁶,kʰy⁶,kʰ y ⁶/¹¹,,Norman2003,,
Zhenqian-28_old-1,,Zhenqian,28_old,kiu⁶,kiu⁶,k i/j u ⁶/¹¹,,Norman2003,,
Jianchuan-28_old-1,,Jianchuan,28_old,kɯ³,kɯ³,k ɯ ³,,Norman2003,,
Jiangshan-28_old-1,,Jiangshan,28_old,gɯ⁶,gɯ⁶,g ɯ ⁶/¹¹,,Norman2003,,
Common_Chinese-16_rise-1,,Common_Chinese,16_rise,*zhioŋ⁴,*zhioŋ⁴,ʐ i/j o ŋ ⁴,,Norman2003,,
Beijing-16_rise-1,,Beijing,16_rise,ʂaŋ⁴,ʂaŋ⁴,ʂ a ŋ ⁴,,Norman2003,,
Suzhou-16_rise-1,,Suzhou,16_rise,zɐŋ⁶,zɐŋ⁶,z ɐ ŋ ⁶/¹¹,,Norman2003,,
Nanchang-16_rise-1,,Nanchang,16_rise,soŋ⁶,soŋ⁶,s o ŋ ⁶/¹¹,,Norman2003,,
Meixian-16_rise-1,,Meixian,16_rise,soŋ¹,soŋ¹,s o ŋ ¹,,Norman2003,,
Guangzhou-16_rise-1,,Guangzhou,16_rise,sœŋ⁴,sœŋ⁴,s œ ŋ ⁴,,Norman2003,,
Jiangyong-16_rise-1,,Jiangyong,16_rise,ɕiaŋ⁴,ɕiaŋ⁴,ɕ i/j a ŋ ⁴,,Norman2003,,
Heping-16_rise-1,,Heping,16_rise,ɕioŋʔ⁴,ɕioŋʔ⁴,ɕ i/j o ŋ ʔ ⁴,,Norman2003,,
Zhenqian-16_rise-1,,Zhenqian,16_rise,ioŋ⁵,ioŋ⁵,i/j o ŋ ⁵,,Norman2003,,
Jianchuan-16_rise-1,,Jianchuan,16_rise,tsõ¹,tsõ¹,ts õ ¹,,Norman2003,,
Jiangshan-16_rise-1,,Jiangshan,16_rise,dʑiaŋ⁴,dʑiaŋ⁴,dʑ i/j a ŋ ⁴,,Norman2003,,
Common_Chinese-32_seven-1,,Common_Chinese,32_seven,*tshit⁷,*tshit⁷,tsʰ i t ⁷/²²,,Norman2003,,
Beijing-32_seven-1,,Beijing,32_seven,tɕʰi⁵,tɕʰi⁵,tɕʰ i ⁵,,Norman2003,,
Suzhou-32_seven-1,,Suzhou,32_seven,tɕʰiɪʔ⁷,tɕʰiɪʔ⁷,tɕʰ iɪ ʔ ⁷/²²,,Norman2003,,
Nanchang-32_seven-1,,Nanchang,32_seven,tɕʰitʔ⁷,tɕʰitʔ⁷,tɕʰ i t ʔ ⁷/²²,,Norman2003,,
Meixian-32_seven-1,,Meixian,32_seven,tsʰit⁷,tsʰit⁷,tsʰ i t ⁷/²²,,Norman2003,,
Guangzhou-32_seven-1,,Guangzhou,32_seven,tsʰɐt⁷,tsʰɐt⁷,tsʰ ɐ t ⁷/²²,,Norman2003,,
Jiangyong-32_seven-1,,Jiangyong,32_seven,tsʰa⁷,tsʰa⁷,tsʰ a ⁷/²²,,Norman2003,,
Heping-32_seven-1,,Heping,32_seven,tʰi⁷,tʰi⁷,tʰ i ⁷/²²,,Norman2003,,
Zhenqian-32_seven-1,,Zhenqian,32_seven,tsʰi³,tsʰi³,tsʰ i ³,,Norman2003,,
Jianchuan-32_seven-1,,Jianchuan,32_seven,tɕʰi⁵,tɕʰi⁵,tɕʰ i ⁵,,Norman2003,,
Jiangshan-32_seven-1,,Jiangshan,32_seven,tɕʰəʔ⁷,tɕʰəʔ⁷,tɕʰ ə ʔ ⁷/²²,,Norman2003,,
Common_Chinese-26_sick-1,,Common_Chinese,26_sick,*biaŋ⁶,*biaŋ⁶,b i/j a ŋ ⁶/¹¹,,Norman2003,,
Beijing-26_sick-1,,Beijing,26_sick,piŋ⁵,piŋ⁵,p i ŋ ⁵,,Norman2003,,
Suzhou-26_sick-1,,Suzhou,26_sick,beŋ⁶,beŋ⁶,b e ŋ ⁶/¹¹,,Norman2003,,
Nanchang-26_sick-1,,Nanchang,26_sick,pʰiaŋ⁶,pʰiaŋ⁶,pʰ i/j a ŋ ⁶/¹¹,,Norman2003,,
Meixian-26_sick-1,,Meixian,26_sick,pʰiaŋ⁵,pʰiaŋ⁵,pʰ i/j a ŋ ⁵,,Norman2003,,
Guangzhou-26_sick-1,,Guangzhou,26_sick,pεŋ⁶,pεŋ⁶,p ε ŋ ⁶/¹¹,,Norman2003,,
Jiangyong-26_sick-1,,Jiangyong,26_sick,pioŋ⁶,pioŋ⁶,p i/j o ŋ ⁶/¹¹,,Norman2003,,
Heping-26_sick-1,,Heping,26_sick,kʰuæ⁵,kʰuæ⁵,kʰ u/w æ ⁵,,Norman2003,,
Zhenqian-26_sick-1,,Zhenqian,26_sick,paŋ⁶,paŋ⁶,p a ŋ ⁶/¹¹,,Norman2003,,
Jianchuan-26_sick-1,,Jianchuan,26_sick,pɛ̃³,pɛ̃³,p ɛ̃ ³,,Norman2003,,
Jiangshan-26_sick-1,,Jiangshan,26_sick,baŋ⁶,baŋ⁶,b a ŋ ⁶/¹¹,,Norman2003,,
Common_Chinese-19_sit-1,,Common_Chinese,19_sit,*dzuo⁴,*dzuo⁴,d z u/w o ⁴,,Norman2003,,
Beijing-19_sit-1,,Beijing,19_sit,tsuo⁵,tsuo⁵,ts u/w o ⁵,,Norman2003,,
Suzhou-19_sit-1,,Suzhou,19_sit,zəu⁶,zəu⁶,z əu ⁶/¹¹,,Norman2003,,
Nanchang-19_sit-1,,Nanchang,19_sit,tsʰo⁶,tsʰo⁶,tsʰ o ⁶/¹¹,,Norman2003,,
Meixian-19_sit-1,,Meixian,19_sit,tsʰo¹,tsʰo¹,tsʰ o ¹,,Norman2003,,
Guangzhou-19_sit-1,,Guangzhou,19_sit,tsʰo⁴,tsʰo⁴,tsʰ o ⁴,,Norman2003,,
Jiangyong-19_sit-1,,Jiangyong,19_sit,tsəɯ⁴,tsəɯ⁴,ts əɯ ⁴,,Norman2003,,
Heping-19_sit-1,,Heping,19_sit,tʰoiʔ⁴,tʰoiʔ⁴,tʰ oi ʔ ⁴,,Norman2003,,
Zhenqian-19_sit-1,,Zhenqian,19_sit,tsuai⁵,tsuai⁵,ts u/w ai ⁵,,Norman2003,,
Jianchuan-19_sit-1,,Jianchuan,19_sit,kv⁷,kv⁷,k v̩ ⁷/²²,,Norman2003,,
Jiangshan-19_sit-1,,Jiangshan,19_sit,si⁴,si⁴,s i ⁴,,Norman2003,,
Common_Chinese-6_skin-1,,Common_Chinese,6_skin,*bi²,*bi²,b i ²,,Norman2003,,
Beijing-6_skin-1,,Beijing,6_skin,pʰi²,pʰi²,pʰ i ²,,Norman2003,,
Suzhou-6_skin-1,,Suzhou,6_skin,bi²,bi²,b i ²,,Norman2003,,
Nanchang-6_skin-1,,Nanchang,6_skin,pʰi²,pʰi²,pʰ i ²,,Norman2003,,
Meixian-6_skin-1,,Meixian,6_skin,pʰi²,pʰi²,pʰ i ²,,Norman2003,,
Guangzhou-6_skin-1,,Guangzhou,6_skin,pʰei²,pʰei²,pʰ ei ²,,Norman2003,,
Jiangyong-6_skin-1,,Jiangyong,6_skin,pø²,pø²,p ø ²,,Norman2003,,
Heping-6_skin-1,,Heping,6_skin,pʰui²,pʰui²,pʰ u/w i ²,,Norman2003,,
Zhenqian-6_skin-1,,Zhenqian,6_skin,pʰue²,pʰue²,pʰ u/w e ²,,Norman2003,,
Jianchuan-6_skin-1,,Jianchuan,6_skin,pe⁸,pe⁸,p e ⁸/³³,,Norman2003,,
Jiangshan-6_skin-1,,Jiangshan,6_skin,pʰei²,pʰei²,pʰ ei ²,,Norman2003,,
Common_Chinese-1_sky-1,,Common_Chinese,1_sky,*thian¹,*thian¹,tʰ i/j a n ¹,,Norman2003,,
Beijing-1_sky-1,,Beijing,1_sky,tʰiεn¹,tʰiεn¹,tʰ i/j ε n ¹,,Norman2003,,
Suzhou-1_sky-1,,Suzhou,1_sky,tʰiɪ¹,tʰiɪ¹,tʰ iɪ ¹,,Norman2003,,
Nanchang-1_sky-1,,Nanchang,1_sky,tʰiεn¹,tʰiεn¹,tʰ i/j ε n ¹,,Norman2003,,
Meixian-1_sky-1,,Meixian,1_sky,tʰiεn¹,tʰiεn¹,tʰ i/j ε n ¹,,Norman2003,,
Guangzhou-1_sky-1,,Guangzhou,1_sky,tʰin¹,tʰin¹,tʰ i n ¹,,Norman2003,,
Jiangyong-1_sky-1,,Jiangyong,1_sky,tʰəŋ¹,tʰəŋ¹,tʰ ə ŋ ¹,,Norman2003,,
Heping-1_sky-1,,Heping,1_sky,hæn¹,hæn¹,h æ n ¹,,Norman2003,,
Zhenqian-1_sky-1,,Zhenqian,1_sky,tʰiŋ¹,tʰiŋ¹,tʰ i ŋ ¹,,Norman2003,,
Jianchuan-1_sky-1,,Jianchuan,1_sky,xɛ̃²,xɛ̃²,x ɛ̃ ²,,Norman2003,,
Jiangshan-1_sky-1,,Jiangshan,1_sky,tʰiεn¹,tʰiεn¹,tʰ i/j ε n ¹,,Norman2003,,
Common_Chinese-39_stone-1,,Common_Chinese,39_stone,*zhiak⁸,*zhiak⁸,ʐ i/j a k ⁸/³³,,Norman2003,,
Beijing-39_stone-1,,Beijing,39_stone,ʂʅ²,ʂʅ²,ʂ ʅ ²,,Norman2003,,
Suzhou-39_stone-1,,Suzhou,39_stone,zɐʔ⁸,zɐʔ⁸,z ɐ ʔ ⁸/³³,,Norman2003,,
Nanchang-39_stone-1,,Nanchang,39_stone,sak⁸,sak⁸,s a k ⁸/³³,,Norman2003,,
Meixian-39_stone-1,,Meixian,39_stone,sak⁸,sak⁸,s a k ⁸/³³,,Norman2003,,
Guangzhou-39_stone-1,,Guangzhou,39_stone,sεk⁸,sεk⁸,s ε k ⁸/³³,,Norman2003,,
Jiangyong-39_stone-1,,Jiangyong,39_stone,ɕyə⁶,ɕyə⁶,ɕ y/ɥ ə ⁶/¹¹,,Norman2003,,
Heping-39_stone-1,,Heping,39_stone,ɕioʔ⁴,ɕioʔ⁴,ɕ i/j o ʔ ⁴,,Norman2003,,
Zhenqian-39_stone-1,,Zhenqian,39_stone,tsio⁶,tsio⁶,ts i/j o ⁶/¹¹,,Norman2003,,
Jianchuan-39_stone-1,,Jianchuan,39_stone,tso⁷,tso⁷,ts o ⁷/²²,,Norman2003,,
Jiangshan-39_stone-1,,Jiangshan,39_stone,siεʔ⁸,siεʔ⁸,s i/j ε ʔ ⁸/³³,,Norman2003,,
Common_Chinese-38_ten-1,,Common_Chinese,38_ten,*zhip⁸,*zhip⁸,ʐ i p ⁸/³³,,Norman2003,,
Beijing-38_ten-1,,Beijing,38_ten,ʂʅ²,ʂʅ²,ʂ ʅ ²,,Norman2003,,
Suzhou-38_ten-1,,Suzhou,38_ten,zɤʔ⁸,zɤʔ⁸,z ɤ ʔ ⁸/³³,,Norman2003,,
Nanchang-38_ten-1,,Nanchang,38_ten,sət⁸,sət⁸,s ə t ⁸/³³,,Norman2003,,
Meixian-38_ten-1,,Meixian,38_ten,səp⁸,səp⁸,s ə p ⁸/³³,,Norman2003,,
Guangzhou-38_ten-1,,Guangzhou,38_ten,sɐp⁸,sɐp⁸,s ɐ p ⁸/³³,,Norman2003,,
Jiangyong-38_ten-1,,Jiangyong,38_ten,sɯə⁶,sɯə⁶,s ɯə ⁶/¹¹,,Norman2003,,
Heping-38_ten-1,,Heping,38_ten,ɕimʔ⁴,ɕimʔ⁴,ɕ i m ʔ ⁴,,Norman2003,,
Zhenqian-38_ten-1,,Zhenqian,38_ten,tsi⁶,tsi⁶,ts i ⁶/¹¹,,Norman2003,,
Jianchuan-38_ten-1,,Jianchuan,38_ten,tsε⁷,tsε⁷,ts ε ⁷/²²,,Norman2003,,
Jiangshan-38_ten-1,,Jiangshan,38_ten,søʔ⁸,søʔ⁸,s ø ʔ ⁸/³³,,Norman2003,,
Common_Chinese-2_three-1,,Common_Chinese,2_three,*sam¹,*sam¹,s a m ¹,,Norman2003,,
Beijing-2_three-1,,Beijing,2_three,san¹,san¹,s a n ¹,,Norman2003,,
Suzhou-2_three-1,,Suzhou,2_three,se¹,se¹,s e ¹,,Norman2003,,
Nanchang-2_three-1,,Nanchang,2_three,san¹,san¹,s a n ¹,,Norman2003,,
Meixian-2_three-1,,Meixian,2_three,sam¹,sam¹,s a m ¹,,Norman2003,,
Guangzhou-2_three-1,,Guangzhou,2_three,sam¹,sam¹,s a m ¹,,Norman2003,,
Jiangyong-2_three-1,,Jiangyong,2_three,soŋ¹,soŋ¹,s o ŋ ¹,,Norman2003,,
Heping-2_three-1,,Heping,2_three,sam¹,sam¹,s a m ¹,,Norman2003,,
Zhenqian-2_three-1,,Zhenqian,2_three,saŋ¹,saŋ¹,s a ŋ ¹,,Norman2003,,
Jianchuan-2_three-1,,Jianchuan,2_three,sã²,sã²,s ã ²,,Norman2003,,
Jiangshan-2_three-1,,Jiangshan,2_three,saŋ¹,saŋ¹,s a ŋ ¹,,Norman2003,,
Common_Chinese-29_tree-1,,Common_Chinese,29_tree,*zhy⁶,*zhy⁶,ʐ y ⁶/¹¹,,Norman2003,,
Beijing-29_tree-1,,Beijing,29_tree,ʂu⁵,ʂu⁵,ʂ u ⁵,,Norman2003,,
Suzhou-29_tree-1,,Suzhou,29_tree,zɥ⁶,zɥ⁶,z ɥ ⁶/¹¹,,Norman2003,,
Nanchang-29_tree-1,,Nanchang,29_tree,ɕy⁶,ɕy⁶,ɕ y ⁶/¹¹,,Norman2003,,
Meixian-29_tree-1,,Meixian,29_tree,su⁵,su⁵,s u ⁵,,Norman2003,,
Guangzhou-29_tree-1,,Guangzhou,29_tree,sy⁶,sy⁶,s y ⁶/¹¹,,Norman2003,,
Jiangyong-29_tree-1,,Jiangyong,29_tree,ɕyu⁶,ɕyu⁶,ɕ y/ɥ u ⁶/¹¹,,Norman2003,,
Heping-29_tree-1,,Heping,29_tree,tɕʰy⁵,tɕʰy⁵,tɕʰ y ⁵,,Norman2003,,
Zhenqian-29_tree-1,,Zhenqian,29_tree,tsʰiu⁶,tsʰiu⁶,tsʰ i/j u ⁶/¹¹,,Norman2003,,
Jianchuan-29_tree-1,,Jianchuan,29_tree,tsɯ³,tsɯ³,ts ɯ ³,,Norman2003,,
Jiangshan-29_tree-1,,Jiangshan,29_tree,dzɯə⁶,dzɯə⁶,d z ɯə ⁶/¹¹,,Norman2003,,
Common_Chinese-30_two-1,,Common_Chinese,30_two,*nhi⁶,*nhi⁶,ɳ i ⁶/¹¹,,Norman2003,,
Beijing-30_two-1,,Beijing,30_two,ər⁵,ər⁵,ə r ⁵,,Norman2003,,
Suzhou-30_two-1,,Suzhou,30_two,ni⁶,ni⁶,n i ⁶/¹¹,,Norman2003,,
Nanchang-30_two-1,,Nanchang,30_two,ə⁶,ə⁶,ə ⁶/¹¹,,Norman2003,,
Meixian-30_two-1,,Meixian,30_two,ni⁵,ni⁵,n i ⁵,,Norman2003,,
Guangzhou-30_two-1,,Guangzhou,30_two,ji⁶,ji⁶,j i ⁶/¹¹,,Norman2003,,
Jiangyong-30_two-1,,Jiangyong,30_two,na⁶,na⁶,n a ⁶/¹¹,,Norman2003,,
Heping-30_two-1,,Heping,30_two,ni⁶,ni⁶,n i ⁶/¹¹,,Norman2003,,
Zhenqian-30_two-1,,Zhenqian,30_two,ni⁶,ni⁶,n i ⁶/¹¹,,Norman2003,,
Jianchuan-30_two-1,,Jianchuan,30_two,ne⁵,ne⁵,n e ⁵,,Norman2003,,
Jiangshan-30_two-1,,Jiangshan,30_two,ni⁶,ni⁶,n i ⁶/¹¹,,Norman2003,,
Common_Chinese-15_wait-1,,Common_Chinese,15_wait,*teŋ³,*teŋ³,t e ŋ ³,,Norman2003,,
Beijing-15_wait-1,,Beijing,15_wait,təŋ³,təŋ³,t ə ŋ ³,,Norman2003,,
Suzhou-15_wait-1,,Suzhou,15_wait,tən³,tən³,t ə n ³,,Norman2003,,
Nanchang-15_wait-1,,Nanchang,15_wait,tεn ³,tεn ³,t ε n + ³,,Norman2003,,
Meixian-15_wait-1,,Meixian,15_wait,tεn³,tεn³,t ε n ³,,Norman2003,,
Guangzhou-15_wait-1,,Guangzhou,15_wait,tɐŋ³,tɐŋ³,t ɐ ŋ ³,,Norman2003,,
Jiangyong-15_wait-1,,Jiangyong,15_wait,lai³,lai³,l ai ³,,Norman2003,,
Heping-15_wait-1,,Heping,15_wait,ten³,ten³,t e n ³,,Norman2003,,
Zhenqian-15_wait-1,,Zhenqian,15_wait,teuŋ³,teuŋ³,t eu ŋ ³,,Norman2003,,
Jianchuan-15_wait-1,,Jianchuan,15_wait,tɯ¹,tɯ¹,t ɯ ¹,,Norman2003,,
Jiangshan-15_wait-1,,Jiangshan,15_wait,tœ̃³,tœ̃³,t œ̃ ³,,Norman2003,,
Common_Chinese-11_water-1,,Common_Chinese,11_water,*shyi³,*shyi³,ʂ y/ɥ i ³,,Norman2003,,
Beijing-11_water-1,,Beijing,11_water,ʂui³,ʂui³,ʂ u/w i ³,,Norman2003,,
Suzhou-11_water-1,,Suzhou,11_water,sɥ³,sɥ³,s ɥ ³,,Norman2003,,
Nanchang-11_water-1,,Nanchang,11_water,sui³,sui³,s u/w i ³,,Norman2003,,
Meixian-11_water-1,,Meixian,11_water,sui³,sui³,s u/w i ³,,Norman2003,,
Guangzhou-11_water-1,,Guangzhou,11_water,sœy³,sœy³,s œy ³,,Norman2003,,
Jiangyong-11_water-1,,Jiangyong,11_water,ɕya³,ɕya³,ɕ y/ɥ a ³,,Norman2003,,
Heping-11_water-1,,Heping,11_water,sui³,sui³,s u/w i ³,,Norman2003,,
Zhenqian-11_water-1,,Zhenqian,11_water,sui³,sui³,s u/w i ³,,Norman2003,,
Jianchuan-11_water-1,,Jianchuan,11_water,ɕui¹,ɕui¹,ɕ u/w i ¹,,Norman2003,,
Jiangshan-11_water-1,,Jiangshan,11_water,yi³,yi³,y/ɥ i ³,,Norman2003,,
Common_Chinese-37_white-1,,Common_Chinese,37_white,*bak⁸,*bak⁸,b a k ⁸/³³,,Norman2003,,
Beijing-37_white-1,,Beijing,37_white,pai²,pai²,p ai ²,,Norman2003,,
Suzhou-37_white-1,,Suzhou,37_white,bɐʔ⁸,bɐʔ⁸,b ɐ ʔ ⁸/³³,,Norman2003,,
Nanchang-37_white-1,,Nanchang,37_white,pʰak⁸,pʰak⁸,pʰ a k ⁸/³³,,Norman2003,,
Meixian-37_white-1,,Meixian,37_white,pʰak⁸,pʰak⁸,pʰ a k ⁸/³³,,Norman2003,,
Guangzhou-37_white-1,,Guangzhou,37_white,pak⁸,pak⁸,p a k ⁸/³³,,Norman2003,,
Jiangyong-37_white-1,,Jiangyong,37_white,pɯə⁶,pɯə⁶,p ɯə ⁶/¹¹,,Norman2003,,
Heping-37_white-1,,Heping,37_white,pʰaʔ⁴,pʰaʔ⁴,pʰ a ʔ ⁴,,Norman2003,,
Zhenqian-37_white-1,,Zhenqian,37_white,pa⁶,pa⁶,p a ⁶/¹¹,,Norman2003,,
Jianchuan-37_white-1,,Jianchuan,37_white,pε⁷,pε⁷,p ε ⁷/²²,,Norman2003,,
Jiangshan-37_white-1,,Jiangshan,37_white,baʔ⁸,baʔ⁸,b a ʔ ⁸/³³,,Norman2003,,
